id,name
2,Admin
30,kalpesh
31,check
33,Undp
34,kalpesh
134,"tarun user"
135,kalpesh
136,"Manish Jangir"
137,"Anshuman Users"
138,"Anshuman SHG"
139,"Akhila kumar"
140,"Manish Artisan"
141,xyz
142,xyzz
143,xy
144,xx
145,test
146,qq
147,"Test User"
148,"Test User"
149,"Test User"
152,"kalpesh User"
153,Anshuman
154,Test
155,dcheckddsfsdasdf
156,tonu
157,11
158,11
159,sdf
160,kalpesh
161,Undps
162,last
163,l
164,yy
165,lastlast
166,new
167,newone
168,newtwo
169,newthree
170,"kalpesh SHG"
171,"kalpesh shg2"
172,SHG
173,user
174,"New Test User"
175,kalpesh
176,Roshan
177,Aditya
178,shg
179,"Lakshmi Enterpise"
180,"test user"
181,dummy
182,Anshuman
183,Anshuman
184,Anshuman
185,shgshg
186,kalpesh
187,"My New User"
188,"kalpesh user"
